Keyword,Intents,Volume,Keyword Difficulty,CPC,Competition Density,hlsdeland.com,shadowcatservices.com,hastingslandmanagement.com,rogerslandworks.com,hlsdeland.com (pages),shadowcatservices.com (pages),hastingslandmanagement.com (pages),rogerslandworks.com (pages),Results
land clearing services,Commercial,5400,15,6.37,0.16,0,13,0,0,,https://www.shadowcatservices.com/,,,68500000
home measure property markers,"Informational, Transactional",880,26,0.00,0.00,0,0,0,85,,,,https://www.rogerslandworks.com/blog/2024/how-to-mark-the-property-lines-of-your-land.html,78500000
bush hog services,Commercial,480,18,5.61,0.37,0,11,0,0,,https://www.shadowcatservices.com/bush-hogging/,,,0
forestry mulching services,Commercial,480,22,5.11,0.09,0,43,0,0,,https://www.shadowcatservices.com/forestry-mulching/,,,0
forestry mulching services near me,Transactional,390,0,4.03,0.36,0,71,0,0,,https://www.shadowcatservices.com/ocala/,,,202
how to get property lines marked,Informational,390,29,1.59,0.49,0,0,0,55,,,,https://www.rogerslandworks.com/blog/2024/how-to-mark-the-property-lines-of-your-land.html,166
how to get your property lines marked,Informational,320,38,1.43,0.51,0,0,0,26,,,,https://www.rogerslandworks.com/blog/2024/how-to-mark-the-property-lines-of-your-land.html,276000000
rogers landscaping,Commercial,320,25,4.70,0.18,0,0,0,36,,,,https://www.rogerslandworks.com/,125
damages from hurricanes,Informational,260,54,6.10,0.01,0,0,0,68,,,,https://www.rogerslandworks.com/blog/2023/surprising-types-of-damage-after-a-hurricane.html,0
what type of damages can a hurricane cause,Informational,260,25,0.00,0.00,0,0,0,33,,,,https://www.rogerslandworks.com/blog/2023/surprising-types-of-damage-after-a-hurricane.html,79400000
clear lot,Commercial,210,13,5.74,0.21,0,29,0,0,,https://www.shadowcatservices.com/land-clearing-steps-for-developing-a-vacant-property-in-florida/,,,2110000000
land development equipment,"Commercial, Informational",210,3,3.04,1.00,0,0,0,6,,,,https://www.rogerslandworks.com/blog/2021/six-types-of-equipment-used-in-site-development-and-land-clearing-jobs.html,0
landscaping palm coast fl,Commercial,210,8,4.13,0.84,0,84,0,0,,https://www.shadowcatservices.com/palm-coast/,,,7180000
landwork,Informational,210,44,3.23,0.12,0,0,0,50,,,,https://www.rogerslandworks.com/,388000
property line marker,Commercial,210,19,0.53,1.00,0,0,0,22,,,,https://www.rogerslandworks.com/blog/2024/how-to-mark-the-property-lines-of-your-land.html,182000000
site development plan,Informational,210,13,3.99,0.07,0,0,0,7,,,,https://www.rogerslandworks.com/blog/2021/8-things-to-include-in-a-site-development-plan.html,0
florida land clearing services,Commercial,170,37,5.58,0.16,0,2,0,0,,https://www.shadowcatservices.com/,,,5890000
how do you get your property lines marked,Informational,170,29,1.59,0.49,0,0,0,37,,,,https://www.rogerslandworks.com/blog/2024/how-to-mark-the-property-lines-of-your-land.html,491000000
how to mark property lines,Informational,170,16,0.41,0.23,0,0,0,7,,,,https://www.rogerslandworks.com/blog/2024/how-to-mark-the-property-lines-of-your-land.html,387000000
land clearing before and after,Informational,170,0,0.00,0.01,0,8,0,0,,https://www.shadowcatservices.com/before-after-photos/,,,104000000
land clearing florida,Commercial,170,33,4.50,0.44,0,3,0,0,,https://www.shadowcatservices.com/,,,7110000
mulcher service,Informational,170,11,4.98,0.52,0,58,0,0,,https://www.shadowcatservices.com/about/,,,211
residential property line markers,Informational,170,18,0.00,0.51,0,0,0,80,,,,https://www.rogerslandworks.com/blog/2024/how-to-mark-the-property-lines-of-your-land.html,4180000
before and after land clearing,Informational,140,0,0.00,0.01,0,3,0,0,,https://www.shadowcatservices.com/before-after-photos/,,,144000000
decorative property line markers,Commercial,140,23,0.43,0.78,0,0,0,40,,,,https://www.rogerslandworks.com/blog/2024/how-to-mark-the-property-lines-of-your-land.html,198
florida land clearing,Commercial,140,23,4.50,0.44,0,11,0,0,,https://www.shadowcatservices.com/land-clearing-steps-for-developing-a-vacant-property-in-florida/,,,16400000
how do i get property lines marked,Informational,140,19,1.59,0.49,0,0,0,68,,,,https://www.rogerslandworks.com/blog/2024/how-to-mark-the-property-lines-of-your-land.html,165
land clearing ocala fl,Commercial,140,2,8.54,0.93,0,4,0,0,,https://www.shadowcatservices.com/ocala/,,,123
land clearing orlando,Commercial,140,0,7.87,0.15,0,5,0,0,,https://www.shadowcatservices.com/orlando/,,,3060000
land clearing permit,Informational,140,6,0.00,0.00,0,3,0,0,,https://www.shadowcatservices.com/do-i-need-a-permit-for-land-clearing/,,,26200000
lawn care fort mccoy,Commercial,140,18,0.00,0.00,0,96,0,0,,https://www.shadowcatservices.com/fort-mccoy/,,,2300000
marking property lines,"Informational, Transactional",140,20,1.45,0.26,0,0,0,6,,,,https://www.rogerslandworks.com/blog/2024/how-to-mark-the-property-lines-of-your-land.html,282000000
rogers landworks,Navigational,140,23,8.50,0.12,0,0,0,1,,,,https://www.rogerslandworks.com/,0
what type of damage can hurricanes cause,Informational,140,27,0.00,0.00,0,0,0,70,,,,https://www.rogerslandworks.com/blog/2023/surprising-types-of-damage-after-a-hurricane.html,19500000
best equipment to clear land,Commercial,110,2,1.83,1.00,0,0,0,50,,,,https://www.rogerslandworks.com/blog/2021/six-types-of-equipment-used-in-site-development-and-land-clearing-jobs.html,493000000
best permanent property line markers,"Commercial, Informational",110,20,0.57,0.96,0,0,0,22,,,,https://www.rogerslandworks.com/blog/2024/how-to-mark-the-property-lines-of-your-land.html,154
cleared land,Informational,110,9,5.21,0.30,0,35,0,0,,https://www.shadowcatservices.com/land-clearing-steps-for-developing-a-vacant-property-in-florida/,,,0
land clearing in florida,Commercial,110,18,6.60,0.58,0,3,0,0,,https://www.shadowcatservices.com/,,,21300000
land clearing ocala,Commercial,110,6,8.54,0.93,0,8,0,0,,https://www.shadowcatservices.com/ocala/,,,130
land for sale hastings fl,Transactional,110,11,0.22,0.54,0,0,61,0,,,https://www.hastingslandmanagement.com/,,1990000
methods of land clearing,"Commercial, Informational",110,5,0.00,0.06,0,0,0,60,,,,https://www.rogerslandworks.com/blog/2025/choosing-the-right-land-clearing-technique-for-your-property.html,0
property survey markings,Informational,110,33,0.00,0.02,0,0,0,34,,,,https://www.rogerslandworks.com/blog/2024/how-to-mark-the-property-lines-of-your-land.html,120000000
symbol for property line,Informational,110,10,0.00,0.00,0,0,0,65,,,,https://www.rogerslandworks.com/blog/2024/how-to-mark-the-property-lines-of-your-land.html,209000000
what type of damage do hurricanes cause,Informational,110,28,0.00,0.00,0,0,0,31,,,,https://www.rogerslandworks.com/blog/2023/surprising-types-of-damage-after-a-hurricane.html,20100000
best way to mark property lines,Informational,90,6,0.62,0.15,0,0,0,9,,,,https://www.rogerslandworks.com/blog/2024/how-to-mark-the-property-lines-of-your-land.html,254000000
clearing the land,Informational,90,12,5.21,0.30,0,0,0,32,,,,https://www.rogerslandworks.com/blog/2025/land-clearing-essential-steps-tips.html,138
deland tree removal,Commercial,90,27,0.00,0.92,0,72,0,0,,https://www.shadowcatservices.com/,,,249000
examples of areas for development,Informational,90,15,0.04,0.04,0,0,0,91,,,,https://www.rogerslandworks.com/blog/2021/8-things-to-include-in-a-site-development-plan.html,763000000
how do you find property markers,Informational,90,3,0.70,0.30,0,0,0,42,,,,https://www.rogerslandworks.com/blog/2024/how-to-mark-the-property-lines-of-your-land.html,107000000
how to mark property boundary,Informational,90,11,0.41,0.23,0,0,0,14,,,,https://www.rogerslandworks.com/blog/2024/how-to-mark-the-property-lines-of-your-land.html,83400000
land clearance,Informational,90,27,3.96,0.26,0,14,0,0,,https://www.shadowcatservices.com/land-clearing-steps-for-developing-a-vacant-property-in-florida/,,,0
land clearing business classification categories,Informational,90,5,0.00,0.00,0,58,0,0,,https://www.shadowcatservices.com/land-clearing-steps-for-developing-a-vacant-property-in-florida/,,,20600000
rogers truck services,Commercial,90,17,0.00,0.04,0,0,0,30,,,,https://www.rogerslandworks.com/trucking.html,23600000
site dev plan,Informational,90,12,3.99,0.07,0,0,0,12,,,,https://www.rogerslandworks.com/blog/2021/8-things-to-include-in-a-site-development-plan.html,2600000000
slope land,Informational,90,12,0.00,0.00,0,0,0,52,,,,https://www.rogerslandworks.com/blog/2024/a-comprehensive-guide-to-clearing-sloped-and-narrow-land-to-development.html,157000000
survey markers for property lines,Informational,90,10,1.11,0.76,0,0,0,28,,,,https://www.rogerslandworks.com/blog/2024/how-to-mark-the-property-lines-of-your-land.html,165
tree removal palm coast,Commercial,90,1,17.25,0.77,0,70,0,0,,https://www.shadowcatservices.com/palm-coast/,,,8670000
what do property line markers look like,Informational,90,29,0.00,0.01,0,0,0,48,,,,https://www.rogerslandworks.com/blog/2024/how-to-mark-the-property-lines-of-your-land.html,89800000
what kind of damage can a hurricane cause,Informational,90,28,0.00,0.00,0,0,0,25,,,,https://www.rogerslandworks.com/blog/2023/surprising-types-of-damage-after-a-hurricane.html,40600000
what kind of damage can hurricanes cause,Informational,90,33,0.00,0.00,0,0,0,24,,,,https://www.rogerslandworks.com/blog/2023/surprising-types-of-damage-after-a-hurricane.html,16700000
clearing of land,Informational,70,7,7.88,0.46,0,0,0,26,,,,https://www.rogerslandworks.com/blog/2025/land-clearing-essential-steps-tips.html,140
creative ways to mark your property line,Informational,70,14,0.00,0.08,0,0,0,17,,,,https://www.rogerslandworks.com/blog/2024/how-to-mark-the-property-lines-of-your-land.html,53500000
damage from hurricanes,Informational,70,41,6.10,0.01,0,0,0,83,,,,https://www.rogerslandworks.com/blog/2023/surprising-types-of-damage-after-a-hurricane.html,40100000
equipment used to clear land,Informational,70,0,1.27,1.00,0,0,0,9,,,,https://www.rogerslandworks.com/blog/2021/six-types-of-equipment-used-in-site-development-and-land-clearing-jobs.html,137
how do you mark your property lines without a fence,Informational,70,10,0.00,0.03,0,0,0,57,,,,https://www.rogerslandworks.com/blog/2024/how-to-mark-the-property-lines-of-your-land.html,9700000
how to find property line markers,Informational,70,12,0.71,0.58,0,0,0,75,,,,https://www.rogerslandworks.com/blog/2024/how-to-mark-the-property-lines-of-your-land.html,158
how to mark property line,Informational,70,3,0.76,0.20,0,0,0,9,,,,https://www.rogerslandworks.com/blog/2024/how-to-mark-the-property-lines-of-your-land.html,0
land clearing process,Informational,70,0,2.49,0.21,0,94,0,14,,https://www.shadowcatservices.com/land-clearing-steps-for-developing-a-vacant-property-in-florida/,,https://www.rogerslandworks.com/blog/2025/land-clearing-essential-steps-tips.html,0
land clearing sunshine coast,Informational,70,0,0.00,0.33,0,80,0,0,,https://www.shadowcatservices.com/land-clearing/,,,2620000
land for sale in hastings fl,Transactional,70,11,0.22,0.54,0,0,49,0,,,https://www.hastingslandmanagement.com/,,94
marking land,Informational,70,11,0.00,0.00,0,0,0,12,,,,https://www.rogerslandworks.com/blog/2024/how-to-mark-the-property-lines-of-your-land.html,1780000000
marking property,Informational,70,6,0.00,0.02,0,0,0,8,,,,https://www.rogerslandworks.com/blog/2024/how-to-mark-the-property-lines-of-your-land.html,136
orlando land clearing,Commercial,70,0,9.75,0.08,0,5,0,0,,https://www.shadowcatservices.com/orlando/,,,27400000
overgrown property,Informational,70,4,0.00,0.01,0,0,0,77,,,,https://www.rogerslandworks.com/blog/2022/why-you-need-to-clear-overgrown-plants-on-your-property.html,10100000
permanent property boundary markers,Commercial,70,5,0.00,0.06,0,0,0,58,,,,https://www.rogerslandworks.com/blog/2024/how-to-mark-the-property-lines-of-your-land.html,1570000
pond digging services,Informational,70,26,2.02,0.25,0,0,89,0,,,https://www.hastingslandmanagement.com/pond-construction-services-in-new-smyrna-beach-fl/,,9030000
property boundary marker,Commercial,70,23,0.00,0.02,0,0,0,27,,,,https://www.rogerslandworks.com/blog/2024/how-to-mark-the-property-lines-of-your-land.html,203
residential mulching services,Commercial,70,3,0.00,0.33,0,12,0,0,,https://www.shadowcatservices.com/orlando/,,,151
rogers transport,Commercial,70,22,2.88,0.08,0,0,0,77,,,,https://www.rogerslandworks.com/trucking.html,59500000
root raking,Informational,70,21,0.36,0.20,0,7,0,0,,https://www.shadowcatservices.com/root-raking/,,,3340000
shaws land clearing,Navigational,70,24,2.54,0.16,0,49,0,0,,https://www.shadowcatservices.com/osteen/,,,103
starting a land clearing business,Informational,70,9,2.23,0.15,0,39,0,0,,https://www.shadowcatservices.com/land-clearing-steps-for-developing-a-vacant-property-in-florida/,,,0
stump grinding deland,Commercial,70,0,0.00,0.06,0,0,97,0,,,https://www.hastingslandmanagement.com/stump-grinding/,,0
surveyed land meaning,Informational,70,33,0.00,0.33,0,0,0,71,,,,https://www.rogerslandworks.com/blog/2024/what-is-a-land-survey-in-depth-look-at-land-clearing.html,169000000
what damage can be done by a hurricane,Informational,70,40,0.00,0.01,0,0,0,83,,,,https://www.rogerslandworks.com/blog/2023/surprising-types-of-damage-after-a-hurricane.html,0
what damage does a hurricane cause,Informational,70,34,4.48,0.01,0,0,0,28,,,,https://www.rogerslandworks.com/blog/2023/surprising-types-of-damage-after-a-hurricane.html,165
what does a survey marker look like,Informational,70,19,0.00,0.03,0,0,0,81,,,,https://www.rogerslandworks.com/blog/2024/how-to-mark-the-property-lines-of-your-land.html,69800000
best machine for clearing land,Commercial,50,1,1.88,0.95,0,0,0,46,,,,https://www.rogerslandworks.com/blog/2021/six-types-of-equipment-used-in-site-development-and-land-clearing-jobs.html,378000000
building demolition service,Commercial,50,23,0.00,0.00,0,0,94,0,,,https://www.hastingslandmanagement.com/excavation/,,61500000
bush hogging tampa,Commercial,50,0,0.00,0.33,0,41,0,0,,https://www.shadowcatservices.com/bush-hogging/,,,209000
clearing land to build a house,Informational,50,0,3.88,0.27,0,68,0,0,,https://www.shadowcatservices.com/land-clearing-steps-for-developing-a-vacant-property-in-florida/,,,0
deland forestry mulching,Commercial,50,0,0.00,0.00,0,1,0,0,,https://www.shadowcatservices.com/,,,15000
equipment to clear land,Informational,50,11,1.71,1.00,0,0,0,7,,,,https://www.rogerslandworks.com/blog/2021/six-types-of-equipment-used-in-site-development-and-land-clearing-jobs.html,195
forestry mulcher services,Commercial,50,23,3.45,0.62,0,90,0,0,,https://www.shadowcatservices.com/forestry-mulching/,,,789000
forestry mulching blakes,"Informational, Transactional",50,0,0.00,0.00,0,78,0,0,,https://www.shadowcatservices.com/faq/,,,0
how do surveyors mark property lines,Informational,50,2,0.54,0.07,0,0,0,42,,,,https://www.rogerslandworks.com/blog/2024/how-to-mark-the-property-lines-of-your-land.html,2070000
how to clear land by hand,Informational,50,4,0.00,0.06,0,0,0,52,,,,https://www.rogerslandworks.com/blog/2024/a-comprehensive-guide-to-clearing-sloped-and-narrow-land-to-development.html,584000000
how to measure your property line,Informational,50,15,0.90,0.53,0,0,0,54,,,,https://www.rogerslandworks.com/blog/2024/how-to-mark-the-property-lines-of-your-land.html,328000000
how to start a forestry mulching business,Informational,50,2,0.00,0.06,0,64,0,0,,https://www.shadowcatservices.com/faq/,,,1350000
land clearing techniques,Informational,50,5,0.00,0.12,0,0,0,17,,,,https://www.rogerslandworks.com/blog/2025/effective-land-clearing-methods.html,25900000
