Keyword,Intents,Volume,Keyword Difficulty,CPC,Competition Density,hlsdeland.com,betterfencecompany.com,betterfencecompany.com,betterfencecompany.com,hlsdeland.com (pages),betterfencecompany.com (pages),betterfencecompany.com (pages),betterfencecompany.com (pages),Results
fence company orlando fl,Commercial,320,50,11.95,0.85,0,97,97,97,,https://www.betterfencecompany.com/,https://www.betterfencecompany.com/,https://www.betterfencecompany.com/,3820000
gates company near me,Transactional,170,30,9.51,0.78,0,97,97,97,,https://www.betterfencecompany.com/entrygates.html,https://www.betterfencecompany.com/entrygates.html,https://www.betterfencecompany.com/entrygates.html,290000000
better fence company,Commercial,140,26,7.97,0.22,0,1,1,1,,https://www.betterfencecompany.com/,https://www.betterfencecompany.com/,https://www.betterfencecompany.com/,0
fence companies palm coast,Commercial,140,26,11.33,0.61,0,7,7,7,,https://www.betterfencecompany.com/fence-company-palm-coast-fl.html,https://www.betterfencecompany.com/fence-company-palm-coast-fl.html,https://www.betterfencecompany.com/fence-company-palm-coast-fl.html,7190000
florida fence co,Navigational,140,33,6.37,0.64,0,23,23,23,,https://www.betterfencecompany.com/,https://www.betterfencecompany.com/,https://www.betterfencecompany.com/,37200000
better decks and fences,Navigational,110,24,6.18,0.21,0,56,56,56,,https://www.betterfencecompany.com/,https://www.betterfencecompany.com/,https://www.betterfencecompany.com/,5190000
better fence,Commercial,110,18,5.64,0.34,0,1,1,1,,https://www.betterfencecompany.com/,https://www.betterfencecompany.com/,https://www.betterfencecompany.com/,213
fence companies in palm coast florida,Informational,110,5,11.33,0.61,0,32,32,32,,https://www.betterfencecompany.com/vinyl.html,https://www.betterfencecompany.com/vinyl.html,https://www.betterfencecompany.com/vinyl.html,118
fence companies riverview fl,Commercial,110,13,15.78,0.99,0,67,67,67,,https://www.betterfencecompany.com/,https://www.betterfencecompany.com/,https://www.betterfencecompany.com/,119
fence company lakeland fl,Commercial,110,27,7.98,0.83,0,81,81,81,,https://www.betterfencecompany.com/,https://www.betterfencecompany.com/,https://www.betterfencecompany.com/,121
fence lakeland fl,Commercial,110,13,7.82,0.82,0,69,69,69,,https://www.betterfencecompany.com/,https://www.betterfencecompany.com/,https://www.betterfencecompany.com/,1820000
aluminum fencing lakeland fl,Commercial,90,0,0.00,0.00,0,96,96,96,,https://www.betterfencecompany.com/aluminum-fencing-deland-fl.html,https://www.betterfencecompany.com/aluminum-fencing-deland-fl.html,https://www.betterfencecompany.com/aluminum-fencing-deland-fl.html,84400
better fence co,Navigational,90,34,6.36,0.37,0,1,1,1,,https://www.betterfencecompany.com/,https://www.betterfencecompany.com/,https://www.betterfencecompany.com/,66900000
fence companies lakeland,Commercial,90,19,6.43,0.92,0,99,99,99,,https://www.betterfencecompany.com/,https://www.betterfencecompany.com/,https://www.betterfencecompany.com/,1560000
fence companies palm coast fl,Informational,90,19,11.20,0.66,0,12,12,12,,https://www.betterfencecompany.com/fence-company-palm-coast-fl.html,https://www.betterfencecompany.com/fence-company-palm-coast-fl.html,https://www.betterfencecompany.com/fence-company-palm-coast-fl.html,3700000
fencing palm coast fl,Commercial,90,5,12.80,0.91,0,13,13,13,,https://www.betterfencecompany.com/fence-company-palm-coast-fl.html,https://www.betterfencecompany.com/fence-company-palm-coast-fl.html,https://www.betterfencecompany.com/fence-company-palm-coast-fl.html,0
liberty fence palm coast,"Informational, Transactional",90,18,11.21,0.18,0,43,43,43,,https://www.betterfencecompany.com/fence-company-palm-coast-fl.html,https://www.betterfencecompany.com/fence-company-palm-coast-fl.html,https://www.betterfencecompany.com/fence-company-palm-coast-fl.html,1750000
liberty fencing palm coast,Navigational,90,31,7.26,0.21,0,67,67,67,,https://www.betterfencecompany.com/fence-company-palm-coast-fl.html,https://www.betterfencecompany.com/fence-company-palm-coast-fl.html,https://www.betterfencecompany.com/fence-company-palm-coast-fl.html,252000
affordable fencing co,Commercial,70,28,7.56,0.45,0,38,38,38,,https://www.betterfencecompany.com/vinyl.html,https://www.betterfencecompany.com/vinyl.html,https://www.betterfencecompany.com/vinyl.html,9230000
better built fence,"Commercial, Navigational",70,0,4.12,0.41,0,24,24,24,,https://www.betterfencecompany.com/,https://www.betterfencecompany.com/,https://www.betterfencecompany.com/,81400000
daytona beach fence companies,Commercial,70,2,9.23,0.78,0,80,80,80,,https://www.betterfencecompany.com/vinyl-fencing-palm-coast-fl.html,https://www.betterfencecompany.com/vinyl-fencing-palm-coast-fl.html,https://www.betterfencecompany.com/vinyl-fencing-palm-coast-fl.html,0
westcoast gate & entry systems,Navigational,70,19,8.70,0.06,0,62,62,62,,https://www.betterfencecompany.com/entrygates.html,https://www.betterfencecompany.com/entrygates.html,https://www.betterfencecompany.com/entrygates.html,2480000
a better fence company,Commercial,50,11,5.89,0.37,0,6,6,6,,https://www.betterfencecompany.com/,https://www.betterfencecompany.com/,https://www.betterfencecompany.com/,131000000
aluminum fencing in lakeland,Commercial,50,0,0.00,0.33,0,62,62,62,,https://www.betterfencecompany.com/aluminum-fencing-deland-fl.html,https://www.betterfencecompany.com/aluminum-fencing-deland-fl.html,https://www.betterfencecompany.com/aluminum-fencing-deland-fl.html,189
fence company lakeside fl,Commercial,50,31,0.00,0.00,0,97,97,97,,https://www.betterfencecompany.com/,https://www.betterfencecompany.com/,https://www.betterfencecompany.com/,118
fence company maitland,Commercial,50,6,0.00,0.00,0,38,38,38,,https://www.betterfencecompany.com/,https://www.betterfencecompany.com/,https://www.betterfencecompany.com/,676000
fence company maitland fl,Commercial,50,-1,0.00,0.00,0,37,37,37,,https://www.betterfencecompany.com/,https://www.betterfencecompany.com/,https://www.betterfencecompany.com/,491000
fence company palm coast,Commercial,50,20,11.20,0.66,0,7,7,7,,https://www.betterfencecompany.com/fence-company-palm-coast-fl.html,https://www.betterfencecompany.com/fence-company-palm-coast-fl.html,https://www.betterfencecompany.com/fence-company-palm-coast-fl.html,0
fence company palm valley fl,Commercial,50,0,0.00,0.00,0,96,96,96,,https://www.betterfencecompany.com/,https://www.betterfencecompany.com/,https://www.betterfencecompany.com/,3450000
fence company winter garden fl,Informational,50,10,0.00,0.00,0,71,71,71,,https://www.betterfencecompany.com/,https://www.betterfencecompany.com/,https://www.betterfencecompany.com/,124
fence contractor daytona beach,Commercial,50,14,0.00,0.00,0,47,47,47,,https://www.betterfencecompany.com/vinyl-fencing-palm-coast-fl.html,https://www.betterfencecompany.com/vinyl-fencing-palm-coast-fl.html,https://www.betterfencecompany.com/vinyl-fencing-palm-coast-fl.html,160000
fence installation maitland fl,Commercial,50,0,0.00,0.00,0,37,37,37,,https://www.betterfencecompany.com/,https://www.betterfencecompany.com/,https://www.betterfencecompany.com/,587000
palm coast fence company,Commercial,50,0,11.20,0.66,0,12,12,12,,https://www.betterfencecompany.com/fence-company-palm-coast-fl.html,https://www.betterfencecompany.com/fence-company-palm-coast-fl.html,https://www.betterfencecompany.com/fence-company-palm-coast-fl.html,0
vinyl fence brandon fl,Commercial,50,1,0.00,0.33,0,52,52,52,,https://www.betterfencecompany.com/vinyl-fencing-deland-fl.html,https://www.betterfencecompany.com/vinyl-fencing-deland-fl.html,https://www.betterfencecompany.com/vinyl-fencing-deland-fl.html,0
a better fence,Commercial,40,13,6.54,0.31,0,16,16,16,,https://www.betterfencecompany.com/,https://www.betterfencecompany.com/,https://www.betterfencecompany.com/,204000000
a better fence co,Commercial,40,20,5.89,0.37,0,3,3,3,,https://www.betterfencecompany.com/,https://www.betterfencecompany.com/,https://www.betterfencecompany.com/,117000000
aluminum fences hunters creek,Commercial,40,0,0.00,0.00,0,92,92,92,,https://www.betterfencecompany.com/aluminum-fencing-deland-fl.html,https://www.betterfencecompany.com/aluminum-fencing-deland-fl.html,https://www.betterfencecompany.com/aluminum-fencing-deland-fl.html,177000
aluminum fences orlando executive airport,Commercial,40,2,0.00,0.00,0,54,54,54,,https://www.betterfencecompany.com/aluminum.html,https://www.betterfencecompany.com/aluminum.html,https://www.betterfencecompany.com/aluminum.html,215000
fence company crestview fl,Commercial,40,9,6.24,0.92,0,61,61,61,,https://www.betterfencecompany.com/,https://www.betterfencecompany.com/,https://www.betterfencecompany.com/,0
fence company palm coast fl,Commercial,40,9,11.20,0.66,0,7,7,7,,https://www.betterfencecompany.com/fence-company-palm-coast-fl.html,https://www.betterfencecompany.com/fence-company-palm-coast-fl.html,https://www.betterfencecompany.com/fence-company-palm-coast-fl.html,0
fence installation palm coast,Commercial,40,34,0.00,1.00,0,17,17,17,,https://www.betterfencecompany.com/fence-company-palm-coast-fl.html,https://www.betterfencecompany.com/fence-company-palm-coast-fl.html,https://www.betterfencecompany.com/fence-company-palm-coast-fl.html,0
palm coast fencing,Commercial,40,11,11.07,0.93,0,15,15,15,,https://www.betterfencecompany.com/fence-company-palm-coast-fl.html,https://www.betterfencecompany.com/fence-company-palm-coast-fl.html,https://www.betterfencecompany.com/fence-company-palm-coast-fl.html,3210000
sun coast fence,Navigational,40,20,3.08,0.07,0,73,73,73,,https://www.betterfencecompany.com/fence-company-palm-coast-fl.html,https://www.betterfencecompany.com/fence-company-palm-coast-fl.html,https://www.betterfencecompany.com/fence-company-palm-coast-fl.html,27900000
vinyl fence installation orange,"Commercial, Informational",40,41,0.00,0.00,0,22,22,22,,https://www.betterfencecompany.com/vinyl.html,https://www.betterfencecompany.com/vinyl.html,https://www.betterfencecompany.com/vinyl.html,0
vinyl fencing florida,Commercial,40,31,4.33,0.95,0,26,26,26,,https://www.betterfencecompany.com/vinyl-fencing-deland-fl.html,https://www.betterfencecompany.com/vinyl-fencing-deland-fl.html,https://www.betterfencecompany.com/vinyl-fencing-deland-fl.html,3010000
aluminum driveway gates near me,Transactional,30,26,1.85,0.74,0,21,21,21,,https://www.betterfencecompany.com/entrygates.html,https://www.betterfencecompany.com/entrygates.html,https://www.betterfencecompany.com/entrygates.html,3280000
best privacy fence company near me,Commercial,30,46,6.16,0.89,0,28,28,28,,https://www.betterfencecompany.com/,https://www.betterfencecompany.com/,https://www.betterfencecompany.com/,0
black iron fence gates,Commercial,30,13,1.11,0.96,0,74,74,74,,https://www.betterfencecompany.com/aluminum.html,https://www.betterfencecompany.com/aluminum.html,https://www.betterfencecompany.com/aluminum.html,16900000
central florida fence companies,Commercial,30,40,3.54,0.61,0,80,80,80,,https://www.betterfencecompany.com/,https://www.betterfencecompany.com/,https://www.betterfencecompany.com/,9260000
deland fence company,Commercial,30,8,12.13,0.98,0,1,1,1,,https://www.betterfencecompany.com/,https://www.betterfencecompany.com/,https://www.betterfencecompany.com/,472000
fence companies daytona beach,Commercial,30,5,9.23,0.78,0,54,54,54,,https://www.betterfencecompany.com/,https://www.betterfencecompany.com/,https://www.betterfencecompany.com/,0
fence company daytona,Commercial,30,16,9.23,0.78,0,65,65,65,,https://www.betterfencecompany.com/,https://www.betterfencecompany.com/,https://www.betterfencecompany.com/,2800000
fence company in florida,Commercial,30,51,5.71,0.63,0,14,14,14,,https://www.betterfencecompany.com/,https://www.betterfencecompany.com/,https://www.betterfencecompany.com/,0
fence palm coast,Commercial,30,32,11.49,0.77,0,19,19,19,,https://www.betterfencecompany.com/fence-company-palm-coast-fl.html,https://www.betterfencecompany.com/fence-company-palm-coast-fl.html,https://www.betterfencecompany.com/fence-company-palm-coast-fl.html,13700000
fencing company palm coast,Commercial,30,4,13.13,0.86,0,17,17,17,,https://www.betterfencecompany.com/fence-company-palm-coast-fl.html,https://www.betterfencecompany.com/fence-company-palm-coast-fl.html,https://www.betterfencecompany.com/fence-company-palm-coast-fl.html,1590000
palm coast fence companies,Commercial,30,8,11.33,0.61,0,6,6,6,,https://www.betterfencecompany.com/fence-company-palm-coast-fl.html,https://www.betterfencecompany.com/fence-company-palm-coast-fl.html,https://www.betterfencecompany.com/fence-company-palm-coast-fl.html,6080000
pasco fence company,Commercial,30,7,13.96,0.80,0,94,94,94,,https://www.betterfencecompany.com/,https://www.betterfencecompany.com/,https://www.betterfencecompany.com/,497000
