Page Title,URL Path,Location,Location Type,Zip Code(s),Primary Keywords,Secondary Keywords,Priority
Tree Service DeLand FL,/services/tree-services/deland,DeLand,City,"32720,32724",tree service deland fl,"tree removal deland,deland tree removal,deland tree trimming,deland stump grinding,deland tree service",High
Land Clearing DeLand FL,/services/site-work/deland,DeLand,City,"32720,32724",land clearing deland fl,"deland forestry mulching,deland land clearing,stump grinding deland,lot clearing deland",High
Fence Company DeLand FL,/services/fencing/deland,DeLand,City,"32720,32724",fence company deland fl,"deland fence company,fencing deland fl,fence installation deland,vinyl fence deland",High
Tree Service Daytona Beach FL,/services/tree-services/daytona-beach,Daytona Beach,City,"32114,32117,32118,32119,32124",tree service daytona beach,"tree removal daytona beach,tree trimming daytona beach,tree cutting daytona beach,arborist daytona beach",High
Fence Company Daytona Beach FL,/services/fencing/daytona-beach,Daytona Beach,City,"32114,32117,32118,32119,32124",fence company daytona beach,"daytona beach fence companies,fence contractor daytona beach,fence installation daytona beach,fencing daytona beach fl",High
Land Clearing Daytona Beach FL,/services/site-work/daytona-beach,Daytona Beach,City,"32114,32117,32118,32119,32124",land clearing daytona beach,"lot clearing daytona beach,forestry mulching daytona beach,land clearing daytona beach fl",High
Fence Company Palm Coast FL,/services/fencing/palm-coast,Palm Coast,City,"32137,32164",fence company palm coast fl,"fence companies palm coast,fencing palm coast fl,palm coast fence company,fence installation palm coast,vinyl fence palm coast",High
Tree Service Palm Coast FL,/services/tree-services/palm-coast,Palm Coast,City,"32137,32164",tree service palm coast fl,"tree removal palm coast,palm tree trimming palm coast,tree trimming palm coast,arborist palm coast",High
Land Clearing Palm Coast FL,/services/site-work/palm-coast,Palm Coast,City,"32137,32164",land clearing palm coast fl,"lot clearing palm coast,forestry mulching palm coast,land clearing flagler county",High
Tree Service Deltona FL,/services/tree-services/deltona,Deltona,City,"32725,32738,32739",tree service deltona fl,"tree removal deltona,tree trimming deltona fl,stump grinding deltona,arborist deltona",Medium
Fence Company Deltona FL,/services/fencing/deltona,Deltona,City,"32725,32738,32739",fence company deltona fl,"fence installation deltona,fencing deltona fl,vinyl fence deltona,fence contractor deltona",Medium
Land Clearing Deltona FL,/services/site-work/deltona,Deltona,City,"32725,32738,32739",land clearing deltona fl,"lot clearing deltona,forestry mulching deltona,land clearing volusia county",Medium
Tree Service Orange City FL,/services/tree-services/orange-city,Orange City,City,"32763,32774",tree service orange city fl,"tree removal orange city,tree trimming orange city fl,arborist orange city",Medium
Fence Company Orange City FL,/services/fencing/orange-city,Orange City,City,"32763,32774",fence company orange city fl,"fence installation orange city,fencing orange city fl,fence contractor orange city",Medium
Land Clearing Orange City FL,/services/site-work/orange-city,Orange City,City,"32763,32774",land clearing orange city fl,"lot clearing orange city,forestry mulching orange city,land preparation orange city",Medium
Tree Service Sanford FL,/services/tree-services/sanford,Sanford,City,"32771,32773",tree service sanford fl,"tree removal sanford,tree trimming sanford fl,stump grinding sanford,arborist sanford fl",Medium
Tree Service DeBary FL,/services/tree-services/debary,DeBary,City,32713,tree service debary fl,"tree removal debary,tree trimming debary fl,arborist debary",Medium
Tree Service Ormond Beach FL,/services/tree-services/ormond-beach,Ormond Beach,City,"32174,32176",tree service ormond beach fl,"tree removal ormond beach,tree trimming ormond beach fl,arborist ormond beach",Medium
Tree Service New Smyrna Beach FL,/services/tree-services/new-smyrna-beach,New Smyrna Beach,City,"32168,32169",tree service new smyrna beach fl,"tree removal new smyrna beach,tree trimming new smyrna beach,arborist new smyrna beach",Medium
Tree Service Port Orange FL,/services/tree-services/port-orange,Port Orange,City,"32127,32128,32129",tree service port orange fl,"tree removal port orange,tree trimming port orange fl,arborist port orange",Medium
Land Clearing DeLeon Springs FL,/services/site-work/deleon-springs,DeLeon Springs,Community,32130,land clearing deleon springs fl,"lot clearing deleon springs,forestry mulching deleon springs,land preparation deleon springs",Medium
Tree Service Lake Helen FL,/services/tree-services/lake-helen,Lake Helen,City,32744,tree service lake helen fl,"tree removal lake helen,tree trimming lake helen fl,arborist lake helen",Low
Fence Company Ormond Beach FL,/services/fencing/ormond-beach,Ormond Beach,City,"32174,32176",fence company ormond beach fl,"fence installation ormond beach,fencing ormond beach fl,fence contractor ormond beach",Low
Fence Company New Smyrna Beach FL,/services/fencing/new-smyrna-beach,New Smyrna Beach,City,"32168,32169",fence company new smyrna beach fl,"fence installation new smyrna beach,fencing new smyrna beach fl",Low
Land Clearing Osteen FL,/services/site-work/osteen,Osteen,Community,32764,land clearing osteen fl,"lot clearing osteen,forestry mulching osteen,land preparation osteen",Low
Tree Service Edgewater FL,/services/tree-services/edgewater,Edgewater,City,"32132,32141",tree service edgewater fl,"tree removal edgewater,tree trimming edgewater fl",Low
Fence Company Sanford FL,/services/fencing/sanford,Sanford,City,"32771,32773",fence company sanford fl,"fence installation sanford,fencing sanford fl,fence contractor sanford fl",Low
Land Clearing Bunnell FL,/services/site-work/bunnell,Bunnell,City,32110,land clearing bunnell fl,"lot clearing bunnell,forestry mulching bunnell,land clearing flagler county",Low
